1	1UX0E:02540:06653	224	AGTGGTGGCACGCCGCCTGCTGGCAGCTAGGGACATTGCAGGGTCCTCTTGCTCAAGGTGTAGTGGCAGCACGCCCACCTGCTGGCAGCTGGGGACACTGCCGGGCCCTCTTGCTCCAACAGTACTGGCGGATTATAGGGAAACACCCGGAGCATATGCTGTTTGGTCTCAGTAGACTCCTAAATATGGGATTCCTGGGTTTAAAAGTAAAAAATAAATATGTT	50.9%	>?>?=@A?BBBBC>BB<@?BBD?ABBB@BBC<A??B>BBBCC<@@@BBB8;;BBC@B@CDDBBAB?CBCDCB?@@;@A=??=:939>=@?@@@5@AABCBB?BC>CD>DCCADCCC6;7;A@@@CCD@AB?CC<>?@@>9??9?BCD>B?BBBBBBBA@?===5=9???ABAAADB?<>9899+:===<8>7491222'29'222&2222222#222'27722,
2	1UX0E:01148:02292	233	GCTGGGGACACTGCCGGGCCCTCTTGCTCCAACAGTACTGGCGGATTATAGGGAAACACCCGGAGCATATGCTGTTTGGTCTCAGTAGACTCCTAAATATGGGATTCCTGGGTTTAAAAGTAAAAAATAAATATGTTTAATTTGTGAACTGATTACCATCAGAATTGTACTGTTCTGTATCCCACCAGCAATGTCTAGGAATGCCTGTTTCTCCACAAAGTGTTTACTTTTGG	61.8%	>?A?AB8ABCBB@@29:,:;0;AB?CBCBADGCBBBBBBA@A@;881::?@@9@@9@@@A<B?BBCBBBBBBBBBB<B>AAAB@BBBAAAAA@BB@:@@??@<AA@C>@@C;@@0;;;.;@BDCDD*@?@4@A@BBC>C=AA<A@?A?BBBAB@DD>A>@>BB?B@BBBBBBB>BA;;;>>A9??:?A@@9>>?===@;><AAA;;><A789939;;<5<@@@A8@CBAA5A=
3	1UX0E:02652:06406	226	CATGGCCAGGCCCCAGCCCAAATCACTAATAAGAATCTCCAGGGCTTCACCTGTTAGACTGGCAAAAATCCAAAAGTAAACACTTTGTGGAGAAACAGGCATTCCTAGACATTGCTGGTGGGATACAGAACAGTACAATTCTGATGGTAATCAGTTCACAAATTAAACATATTTATTTTTTACTTTTAAACCCAGGAATCCCATATTTAGGAGTCTACTGAGACCA	74.8%	BBBB?A=??=AAA9AAAC>DD<BBAABB?BB?BC?BBCC?BBD=BB?BBC@CCC?BBCCCC?CCDDG2B@2:;5.9CBC=BCCC@7CCC>@9994;AD?CCC?B?BBDBBCC@BBBB@BBD>BBBBBBB@BCBBACC@C@ABA@@@<@@?ABB998:CCCC>B?BA<ACCCCD?CCCCCD*BBBED9@B4;;0;A>B?BBC>BBBAB<BA>ADBBABBCBAABC@B
4	1UX0E:02603:05724	234	AAAATGGTGAATGATACCCGGTGCTGGCAATCTCGTTTAAACTACATGCAGGAACAGCAAAGGAAATCCGGCAAATTTGCGCAGTCATTTTCAACACCGGCCATGCAGCAAAATCATCAGTGGAAATTTAAAAAAATACACATGGCCAGGCCCCAGCCCAAATCACTAATAAGAATCTCCAGGGCTTCACCTGTTAGACTGGCAAAAATCCAAAAGCAAACACTTTGTGGAGAA	62.8%	BEC9B@>BBB?CBCABBD?D@CCCBB@BEBFCCB@@A;BA8ABBB@@@BBB@C@CBBBCC<@??B=BC?B@BBB<A@<ABBBCBBBBCJJ;BCACCC?B@B@BCC@AABDEF;BBCCAA@?A6::5:A9@@@@@@#?8?BAABB?B?AB?BFE;??@B>BB>BCBBBB<::;<=:>@AA=CAA:AA;@@A<::;<@??===:88898(8>4;;;/;:;;3;A=>>7=;;5;=>A
5	1UX0E:00079:02120	229	GCAAGTTAACGAAAAGAAAAATGGTGAATGATACCCGGTGCTGGCAATCTCGTTTAAACTACATGCAGGAACAGCAAAGGAAATCCGGCAAATTTGCGCAGTCATTCTCAACACCGGCCATGCAGCAAAATCATCAGTGGAAATTTAAAAAAATACACATGGCCAGGCCCCAGCCCAAATCACTAATAAGAATCTCCAGGGCTTCACCTGTTAGACTGGCAAAAATCCA	63.8%	@BC@BA?A=B;;;;.45959$:95:A@<@BBBCBC>B?ABABA@BC@BBBBBCC=CC<AAA@@AAAA?2:4:ACCCI?H@CC=BA<@<@CB=BD>BBBCBA@ABD?BBBDACCC@C@D@CBCBBCCCCC<CCBB:;:@@4::.:?9?AAAAA#89:CCCCB?D?CC?CDD8@AAB>BC>CAA@?@>AA>@C?BBAA?BBD>A>:@AA<??A:A:::A?999999+:>;?
6	1UX0E:01410:04751	214	GTTAACGAAAAGAAAAATGGTGAATGATACCCGGTGCTGGCAATCTCGTTTAAACTACATGCAGGAACAGCAAAGGAAATCCGGCAAATTTGCGCAGTCATTCTCAACACCGGCCATGCAGCAAAATCATCAGTGGAAATTTAAAAAAATACACATGGCCAGGCCCCAGCCCAAATCACTAATAAGAATCTCCAGGGCTTCACCTGTTAGACTG	59.3%	>B=A=AAA@A3=@=@?0@>7;@@A=A?@BBB=C?AAA:94:>;=99;CBB5:;5;@ABACBCCC@C@CBBDCC=C?CB8@A799:BC>CC>B??@BBA@BD>@AAF=AAB?B?C@CCCCBBAAA@7ABBBBB;<;@CB;BB0999999#9:@<;A8?5?8BB9BAB8BHCC<BB=BBAC@@>@@8?A?BAAA@BBB>>:5;@@:>>A=A???@@
7	1UX0E:01775:01091	206	AGGTTAACGAAAAGAAAAATGGTGAATGATACCCGGTGCTGGCAATCTCGTTTAAACTACATGCAGGAACAGCAAAGGAAATCCGGCAAATTTGCGCAGTCATTCTCAACACCGGCCATGCAGCAAAATCATCAGTGGAAATTTAAAAAAATACACATGGCCAGGCCCCAGCCCAAACTCACATTAATAAAGAAATCTCCAGGGCC	42.2%	88499?9@AAAA2;<;<;$;>=ABA?@@>?987*7><AA@?<@B@BAAACCL>BB>BBBCCABABB@C@B@B@CE>A@BD:A>6:.5?;09>4?B@BBAABBD?BBAC?B@E<@?@?BBCC@AACCC<CCBBBA;;;5<;0;B0;;;;;;#4473:?;=;@=993999*7@@;.00*//6////(/39993888.8;8848==37.
8	1UX0E:04738:02431	216	TCTTGATGCTGTGGTCTTCATCTGCAGGTGTCTGACTTCCAGCAACTGCTGGCCTGTGCCAGGGTGCAAGCTGAGCACTGGAGTGGAGTTTTCCTGTGGAGAGGAGCCATGCCTAGAGTGGGATGGGCCATTGTTCATCTTCTGGCCCCTGTTGTCTGCATGTAACTTAATACCACAACCAGGCATAGGGGAAAGATTGGAGGAAAGATGAGTGAC	81.9%	BBD?BAAABFCCC=BCCACBAABBBBB?BCBCCBBCB?B@BBBD@BAAAB@=><??A@@?BBD>BBBCADBBBBBBBBBB?BBBC?BBCCC8C@CAA@@CBCB?BBA=@@CC>BBBBA:::7;BBG>B@BB@CB?BCBBA?AA@;??@7?AC?BBBBBB@A@BB@CC?B?BAA?ACC@CABC>BDDBBCC<BF>CCB?C@DC@CB>BCCCCBBBBA
9	1UX0E:03139:03171	213	CCTGTTGTCTGCATGTAACCTAATACCACGACCAGGCATGGGGGAAAGATTGGAGGAAAGTTGAGTGAGAGGATCAACTTCTCTGACAACCTAGGCCAGTAAGTAGTGCTTCTGCTCATCTCCTTGGCTGTGATACGTGGCCGGCCCTCGCTCCAGCAGCTGGACCGCTACCTGCCGTCTGCTGCCATCGGAGCCCAAAGCCGGGCTCTGACT	84.0%	B>ABA?BBBCCBBBBBC@E?BB@BAB@CBBBD@CB?AAABDED1BC<CBB?C=@A=AC>CF@DEBBCCBCC?BBBD>A@@@@@BBBBB>B>CCC@C@AAAB@BABBC@@B?AAACCCBB@??=?@C@A@AABBBCCCAA=A=?9??9@@ABBB@BBDAAABB?BCABBBBB?CBB?BBBBBBBCC?BBBB@BBBB>BB=BB?CD>B@AABBBC
10	1UX0E:03680:04217	208	TAACTTAATACCACAACCAGGCATAGGGGAAAGATTGGAGGAAAGATGAGTGACAGCATCAACTTCTCTCACAACCTAGGCCAGTAAGTAGTGCTTGTGCTCATCTCCTTGGCTGTGATACATGGCCAGCCCTCGCTCCAGCAGCTGGACCCCTACCTGCCGTCTGCTGCCATCGGAGCCCAAAGCCGGGCTGTGACTGCTCAGACCA	68.3%	?B=?A?B?BCB?BCD?C?BB@B@=>???6?C>BBB@B@BBADD>CCC@AADBBABBCAAAC>AA@AAABBBBB>B>BBC?B>BBBC>BBBBBBAA=BCBBBBBBBBB?D?B?BCBBBB@AACA@=B@BBBC>BBB@@A@BBA@@CCC@BBBB:BB@9>8:6:=AAA?>;:5;?>>;===@:@B;AA<AD:A787?>:::===@@@@=A
11	1UX0E:02955:07054	211	GCATCAACTTCTCTCACAACCTAGGCCAGTAAGTAGTGCTTGTGCTCATCTCCTTGGCTGTGATACGTGGCCGGCCCTCGCTCCAGCAGCTGGACCCCTACCTGCCGTCTGCTGCCATCGGAGCCCAAAGCCGGGCTGTGACTGCTCAGACCAGCCGGCTGGAGGGAGGGGCTCAGCAGGTCTGGCTTTGGCCCTGGGAGAGCAGGTGGAA	62.6%	@BBBBB=AA?BBBBBBBB>B@BAB@B?AABB?BBCBBCCC@BAACBBBBAAA?C?B@CB9:9BBCCGGH@B=B>AA<@B?@@@=@?A@@@AB>ABBB8AAB@BBC@B@A@@>@??;?AB@<===B5@?<>=;>D@BA=?@C>@>AA>@>@@:=<>8<:>:93:<<1=<@@2>>@AA@@@<@@@?=>>>9><AA9>>A:@A?>>>B=@@<@@
12	1UX0E:03000:00363	212	CTTGTGCTCATCTCCTTGGCTGTGATACGTGGCCGGCCCTCGCTCCAGCAGCTGGACCCCTACCTGCCGTCTGCTGCCATCGGAGCCCAAAGCCGGGCTGTGACTGCTCAGACCAGCCGGCTGGAGGGAGGGGCTCAGCAGGTCTGGCTTTGGCCCTGGGAGAGCAGGTGGAAGATCAGGCAGGCCATCGCTGCCACAGAACCCAGTGGATT	44.3%	BD@C@@@@AACB;;8;@C?BBBBBBBBBBBB=A=B=CC=CBBBCA?B;;;CBBA>;<;<.;=@=@@?<=?9:9?:@?255<<.3348(//(/:16:(0///3339;348877/68;;)/(0/;5<<@8==@@1;;666CCCACCBB@DEE=C?AA;@CC<@ABA@@@?CB?B@BACC;;7;BB@B@D@@@A@:;5:<<B@399*78881//(
13	1UX0E:04890:02674	214	TTGGCTGTGATACGTGGCCGGCCCTCGCTCCAGCAGCTGGACCCCTACCTGCCGTCTGCTGCCATCGGAGCCCAAAGCCGGGCTGTGACTGCTCAGACCAGCCGGCTGGAGGGAGGGGCTCAGCAGGTCTAGCTTTGGCCCTGGGAGAGCAGGTGGAAGATCAGGCAGGCCATCGCTGCCACAGAACCCAGTGGATTGGCCTAGGTGGGATCTC	71.0%	C@B>BBBCBBBABBCC>B>B@CC<BBBAA@?BABAAABB=ABBB7@BC=ABD?BBCCCAABC@BBCC7;;AC=BG=@A?CD?CBBCCBCA@>@@>???=@BB@C>@AA@BCC<??DE9BBBAA??@=ABBBB:::6;=BB<BBB=BBBBBBB?CC?A>ABBCBB@BCC@C@DDCCBAAA>A@A@@3;;6:@?A??@=@?B?BBB====7?@>>>
14	1UX0E:04968:02060	230	CGGCCCTCGCTCCAGCAGCTGGACCCCTACCTGCCGTCTGCTGCCATCGGAGCCCAAAGCCGGGCTGTGACTGCTCAGACCAGCCGGCTGGAGGGAGGGGCTCAGCAGGTCTGGCTTTGGCCCTGGGAGAGCAGGTGGAAGATCAGGCAGGCCATCGCTGCCACAGAACCCAGTGGATTGGCCTAGGTGGGATCTCTGAGCTCAACAAGCCCTCTCTGGCTGGTAGGTGC	50.0%	A@=@A:ABBABB=AAA@@ACC=ABBB:BCC>BBB=AACA@@CBB=A@<<6<7;;,9?2@B;ED<@ABBCCBBBAA???@?=?BA<?<?AA=<;;0;ABA.;;@A?@;;6:AAB=;:;,:9>@6>>>6>>>>@@B?BC@C@??AB;;7;AA?B=@@ABB?@A?BCC:;9;C>CCBB?CC?C?C?BBE@CCC<ABBBBA???@??=>99078?7?<?777-7;948889<78
15	1UX0E:04916:05138	210	CCGGTGGGCCCACACATCACCAGCTGCTCCGTTCTACCATTTCTTCAGCCCTCTTGGCTGTGCCTGCGGCTCTACCCCTCCCGTCTCTGCACCTACCACCCAGAGAGGGCTTGTTGAGCTCAGAGATCCCACCTAGGCCAATCCACTGGGTTCTGTGGCAGCGATGGCCTGCCTGATCTTCCACCTGCTCTCCCAGGGCCAAAGCCAGAC	68.1%	?>B>@@D>DD;CCBDCCCBB?BABBCAAA@CC?BBB@=9996;D=AABBC>BBBAE@BB?@@C?BCCC@BB@B@>@>7???8@A@@ABABBB>BBB@CBD<?>BBBBC=BB>AA?BAA?>>BBBBBBCB<BB;=?B@C?C???;?A??>:?>BBBBB@@===AAAA<C?BBB@BBAAAB?B?BB?BCBBBBBB@BCC;@4::29;5:CA@
16	1UX0E:02479:06859	209	CAGAACCCATGTGGATTGGCCTAGGTGGGATCTCTGAGCTCAACAAGCCCTCTCTGGGTGGTAGGTGCAGAGACGGGAGGGGCAGGAGCCGCAGGCACAGCCAAGGAGGGCTGAAGAAATGGTAGAACGGAGCAGCTGGTGATGTGTGGGCCCACCGGCCCCAGGCTCCTGTCTCCCCCCAGGTGTGTGGTGATGCCAGGCATGCCCTT	28.2%	:0/:17<5/////39<8=8<7;?B?@@@9@AAAAAA@@@A;;2:@<BBC=AA?CCBB<AA5;:9255955<>;;<>7>=<<.9//)/:;59;A@=@@;99;49.4.4:<2;:==7555)49399;;655.57///88838-//999<=@7@@7=?<?;?@@2>>:=9:69?@@CCIFFH*AC@@A@;<;5;AB??@@AA=AB???B8?<
17	1UX0E:03321:05837	231	TGCCTCAACAAGCCCTCTCTGAATTCCTTGAAGTTGCCTCTGTGCAGGACACGTGCATTCTCCTCTTCCACCAATCACTGAGCTGCCCCTGAATAGGAGGCCAGAGTGGTTCAGCTGTGCCTGTGACTGGAGAGGGATGTTTAACTGTGTCAGGCCTGGAATATTAGCAAGGATTAAGGGCCAGGTTGTGGACACATAACAAGCCACATTCTCTTATCAGTTTAACCAAAA	78.4%	BBB>A@@<@@:@BB;?>BBBBB>B>B?C?AA?BF?CC?BBBBCDDCC@CCCCCBBBBB?BBC@BCC?B?BC?B>??ABCABBA@@@@@6@@@<@AB?BB@D@CCCCBA@C@99:BBBBBC<@@@@BBCB?CAA@@=ABDDD>C=AABCBBBBB?B<A@@C@FDC>BBBB?B?BB?B@CC>CABB@B@CCC@CBCCCCC@CD@CC@CCCC@CCBC?AA@B:::.:<@4:;:;
18	1UX0E:02545:06181	227	CCCCCAGGTGTGTGGTGATGCCAGGCATGCCCTTCCCCAGCATCAGGTCTCCAGAGCTGCAGAAGACGACGGCCGACTTGGATCACACTCTTGTGAGTGTCCCCAGTGTTGCAGAGGTGAGAGGAGAGTAGACAGTGAGTGGGAGTGGCGTCGCCCCTAGGGCTCTACGGGGCCGGCGTCTCCTGTCTCCTGGAGAGGCTTCGATGCCCCTCCACACCCTCTTGATC	73.6%	????2?B?BBBBBC?CCCCCD@CC@BCCCJE<@699:4;BCBBBBB=??BB@BCBB@AABBAC?DDCBAAA?C@BABC?C>>>>@@BAAAB?@@AA@?>9:::6:BCDC@CCCC@A=ABBBBB=AABA@ACB@@ABBBAABC>BBBB?BAA?99992;BCC>GCDBBBBBC<BAKBBBBBBB?BBBBBB?BB@BCCC@BB@BAAB;;;;.:>:=?ABB>BBB@CCCB
19	1UX0E:00508:02960	227	ATGCCCTTCCCCAGCATCAGGTCTCCAGAGCTGCAGAAGACGACGGCCGACTTGGATCACACTCTTGTGAGTGTCCCCAGTGTTGCAGAGGTGAGAGGAGAGTAGACAGTGAGTGGGAGTGGCGTCGCCCCTAGGGCTCTACGGGGCCGGCGTCTCCTGTCTCCTGGAGAGGCTTCGATGCCCCTCCACACCCTCTTGATCTTCCCTGTGATGTCATCTGGAGCCCT	60.4%	B???A9?2877*;::@@@@B@BBBC<@@AABBBBA@A;@?@ABBCAC?BCAA?@?A?@@BAA?@@;@AA@@@C@AAB7;;;@B>BBBBAA=@@@BCC=BACCCACB@@@CBBCBBB<AC9959@@@BBBB:CDDD=BBCCCCCBB7B8;7;C@@@E@BBB@AA=BA8;;CC@CC?A?;<:::;-:953<=?A<??A<??@=?4;:09997<=??<?>A@C?D999+;
20	1UX0E:03487:04190	220	ACAGGTTCTCCACCAGAGCCTTTCTTGGGGGCCCCTGGCCTGGGCTCTGAGCTGGGAGTGAAGGGGATGACCCATGCAGACTGTTTGCTGCTTGTAGCTTTCCCTGGGAAAGACTCTGCCAGGCCTTGGAGCCAGACTAGGAGGCTTTATAGGCCACCGCAAGCAGCAGGGCTCCAGATGACATCACAGGGAAGATCAAGAGGGTGTGGAGGGGCATCGA	50.5%	@@?@>@@CCD@BC@CCCCCACC>CC=@@@@*;;;.;48B=BCD>BBBCABAA999,43338-373*7<?ABF?BCBBBDBBBBBC=B???@A7<>???@@:@?8;:;0;A9@@BACBBC@BB@D?B:B?DAB?B<>A@AB?BB@CC>6<<33/35:=7BBC@@??BBAAA9@77.7::99:<55599222'2.558<@9B88938>;?=@@@@2@@BCBB
21	1UX0E:00293:05092	224	TCATGCACAGGTTCTCCACCAGAGCCTTTCTTGGGGGCCCCTGGCCTGGGCTCTGAGCTGGGAGTGAAGGGGATGACCCATGCAGACTGTTTGCTGCTTGTAGCTTTCCCTGGGAAAGACTCTGCCAGGCCTTGGAGCCAGACTAGGAGGCTTTATAGGCCACCGCAAGCAGCAGGGCTCCAGATGACATCACAGGGAAGATCAAGAGGGTGCTGGAGGGGCAT	62.1%	BB>>?@@@AA?C>BCC@@A?BA;;9<??7?B?CCCC0@@@8@ADE@CCC>ACBBCBCBCCG@BBBCB>AAA9BBABBC@BBAAEBAABABB8??@@@A?BBA@@DC>CC>CCD>BA<@;;;;BAA=AA=@=BAC@CCD@CCBBBDFA@@>@BB=BDCC@C?CC?BBC@DAAABADD<??>?BC==::///699/33(349333:48887/7----0----&-24
22	1UX0E:03224:02916	222	TCCTCTTCTCCCCTTCTCCAGCCCCTGTCTGTCGACCCAGCTGGAGGCAGCCAGGCTTGCCTATGGACTGGTTGACAGCCTTCATGCACAGGTTCTCCACCAGAGCCTTTCTTGGGGGCCCCTGGCCTGGGCTCTGAGCTGGGAGTGAAGGGGATGACCCATGCAGACTGTTTGCTGCTTGTAGCTTTCCCTGGGAAAGACTCTGCCAGGCCTTGGAGCCAG	64.4%	AA>CA?=?::;;.;8@@>;?;<<<.;?A@@@@?BBBD>CCB@@;@@=BC;:8;C?;;7;A<@;;;?BBBDAC@CBBBBB@B@CB@A@AABB@D>AAC?CC@CBCBCBDF>BB@BGDD0@@@7@B?C>CBD?CCCBBBCBACC;@@BAA=ACD6A@@???8????AABCBBAB<???@??:??AABCC>CD=CBD=CC>BBBBBCBA=;;5;=A=B>BAD@AA
23	1UX0E:00974:06720	215	ACAAGCAGCAAACAGTCTGCATGGGTCATCCCCTTCACTCCCAGCTCAGAGCCCAGGCCAGGGGCCCAAGAAAGGCTCTGGTGGAGAACCTGTGCATGAAGGCTGTCAACCAGTCCATAGGCAAGCCTGGCTGCCTCCAGCTGGGTCGACAGACAGGGGCTGGAGAAGGGGAGAAGAGGAAAGGGGGGTTGCCTGCCCTGTCTCCTACCTGAGGC	50.2%	>>B<@??@>>?:?A@CB@?>?:93(3345B<>2C@BBBCCC<AB9;;BCB@@A<@C@C?CDGD6996;<AAD=C@@@?BB@BB>CBC@C?BBCBDBBBC@C?A@@BBC?A<????<?BCE@CC<AA???<:/00=@@<B????C>BAAABBBBA::;:/:88132549:7.5887???;>D-:5757$7055,2<@@<BBABBB@BBB=@@CC@B
24	1UX0E:04938:02674	220	CCATAGGCAAGCCTGGCTGCCTCCAGCTGGGTCGACAGACAGGGGCTGGAGAAGGGGAGAAGAGGAAAGTGAGGTTGCCTGCCCTGTCTCCTACCTGAGGCTGAGGAAGGAGAAGGGGATGCACTGTTGGGGAGGCAGCTGTAACTCAAAGCCTTAGCCTCTGTTCCCACGAAGGCAGGGCCATCAGGCACCAAAGGGATTCTGCCAGCATAGTGCTCCT	58.6%	>;????>BB@BB@BB@CCBB@BB>@@ABAA<BAAAAA?@>>???4?==9?@@=@BC8ABB???@@CC>BCCCD@CAAA=BBA@<ABABBB>??B@BAA@?BBBBB?B?B=AAB?BCC8ABBBB?===29992:A?AAAB@BBB?@@@AA:AA=A=AAA<A>??A;AD:@???<C=B>>>9><@?=::7:?@<AA:AA8@@=>>>A<A=<<A@@@@@>>9@
25	1UX0E:00288:06632	224	ACCAGGGCTCAGATCCAGGCCAACAGCGTGTCCAGGACAGGGTGCCGGGTGTATCACTGGTCCAGGAGCACTATGCTGGCAGAATCCCTTTGGTGCCTGATGGCCCTGCCTTCGTGGGAACAGAGGCTAAGGCTTTGAGTTACAGCTGCCTCCCCAACAGTGCATCCCCTTCTCCTTCCTCAGCCTCAGGTAGGAGACAGGGCAGGCAACCTCACTTTCCTCTT	57.1%	>@=@AB>CAAACCBC?BB@D?C?BBBCCBBBB>BA?CCBCC<@AB4994:BB@BBBBBB?AA@BB@BBBBBBBBB?A@>AAAA=???8?A;A<A??<?>=>><DC=BA@=A>@:;;<4=::;;??<===<><>@B:>=>A<A>=<ABCC@BBBB8B?BBBBBBA>>>>3<;?>?9?>A=AAAAA=???A?BBB@BAABBBB>BBD?BB>A>ABBBFC>D=;;?;
26	1UX0E:00395:04611	217	GCTCAGATCCAGGCCAACAGCATGTCCAGGACAGGGTGCCGGGTGTATCACTGGTCCAGGAGCACTATGCTGGCAGAATCCCTTTGGTGCCTGATGGCCCTGCCTTCGTGGGAACAGAGGCTAAGGCTTTGAGTTACAGCTGCCTCCCCAACAGTGCATCCCCTTCTCCTTCCTCAGCCTCAGGTAGGAGACAGGGCAGGCAACCCCCCCTTTCCTC	58.1%	>ABABBAAA<@C?A<@;?CCA>?BBB@AB@CBAAA<AAC?BC=AAACEABACC>BB<???@@@CCBBBBCBCACBB@;>>>8?A8B?CBC@CCCCC@DF=BBB@C?BCBAB>B@??>8839@A?B?CCD>CBBB?BBBBCBB@>????5@?BBBA<=:6555'8:<<=;?;?;>>@BB<A@@@=???<AAAA@@@9@@?59:1888888#8:/:7=>
27	1UX0E:03925:03521	236	TGGCAGAACCAAAGGTGGCTTTGACCTCCACCAGGGCTCAGATCCAGGCCAACAGCGTGTCCAGGACAGGGTGCCGGGTGTATCACTGGTCCAGGAGCACTATGCTGGCAGAATCCCTTTGGTGCCTGATGGCCCTGCCTTCGTGGGAACAGAGGCTAAGGCTTTGAGTTACAGCTGCCTCCCCAACAGTGCATCCCCTTCTCCTTCCTCAGCCTCAGGTAGGAGACAGGGCAGGC	43.6%	A?;?@?@<A?BB=B?BB@BB>8CCC@CCAED9BAC>CCCBBCBB@??>??A@CBBBCA@@A>AA?B>?>C<???>BB<AAAABBBCBB?A@@CC>===@<<>>>>>A;A@??:?CD;FD;D:>>?<@A>=>=??:?AD<@<;;:AB:B=>?>@@<@AA<A;??B:?>==<@@ADAAA>=>>>?16/7>>=<?<;;:;1::>AA7;5;8<<<?>:>???;?==:>???ADD6:;A<@
28	1UX0E:02362:06604	209	CTAGGGAAAGGAAAAGGCAGGAGTGAACTTCCACACAGCAGCAATGGCAGAACCAAAGGTGGCTTTGACCTCCACCAGGGCTCAGATCCAGGCCAACAGCGTGTCCAGGACAGGGTGCCGGGTGTATCACTGGTCCAGGAGCACTATGCTGGCAGAATCCCTTTGGTGCCTGATGGCCCTGCCTTCGTGGGAACAGAGGCTAAGGCTTT	76.1%	@@AAB=BF?CACBC;CACBB?ABCCB>@A@C@BBBCBDBBCCD?AA?BBCC@C?DC>C?@A?A@?;??@<@B=?@>ABC<B@BABBAA?::::?C?BBCCCBBBB@CDADBBBB<BBB?CE>CCCAAACCDC@BC@CC?AAACCBBBB:;;9;BBD=@@@;@B;A>@@C@BBBBB?BB=BCC@C@CCBBB=B?@@@?>8>@@=A@CCD=
29	1UX0E:04225:05044	209	CTAGGGAAAGGAAAAGGCAGGAGTGAACTTCCACACAGCAGCAATGGCAGAACCAAAGGTGGCTTTGACCTCCACCAGGGCTCAGATCCAGGCCAACAGCGTGTCCAGGACAGGGTGCCGGGTGTATCACTGGTCCAGGAGCACTATGCTGGCAGAATCCCTTTGGTGCCTGATGGCCCTGCCTTCGTGGGAACAGAGGCTAAGGCTTT	73.2%	<<79:-9:2=:>C?9C:CBB?BCCCB>BB?B?BBBBCCCBBBB@BC@@??E@E>AA=B?BBACGG>BBB?BB@DD?CCE>CBBCCCBC@@A?A@C@BCCBDABAC@CC@BAAAA:@BB2994:@@BBBBBDD?BB@DC@BACCCDDCCCCCADEDD?;::7:A;A=A@A>AABAB?BB>BBC@C?ABDDD=A?BBBA@<@BB?C@===7
30	1UX0E:01534:00913	204	TTGGCCTGGATCTGAGCCCTGGTGGAGGTCAAAGCCACCTTTGGTTCTGCCATTGCTGCTGTGTGGAAGTTCACTCCTGCCTTTTCCTTTCCCTAGAGCCTCCACCACCCCGAGATCACATTTCTCACTGCCTTTTGTCTGCCCAGTTTCACCAGAAGTAGGCCTCTTCCTGACAGGCAGCTGCACCACTGCCTGGCGCTGTGC	71.1%	@=@?D@BB?BBBA@@@AB=BC@CD@BB@BBBG?CB?CB>BE=B@B@BCBB?BB>BBACA@@ABAA?A<??<AABBB?@@B:??>0=9==:>@:@BBBBC@BB@A@:9999*7<>>BCBBBCD=BCCCCCCB;???4?B@BB@B=A@??<@AB?BBB?BBAA=A?BA@>A@BCBCBC?@AABAA@@@<@BBCE@BB@???BBBBC
31	1UX0E:00691:06782	219	CATGACAAACACCGTCTCCAGCGGGCAGAGCAAAGGAAGGGCACAGCGCCAGGCAGTGGTGCAGCTGCCTGTCAGGAAGAGGCCTACTTCTGGTGAAACTGGGCAGACAAAAGGCAGTGAGAAATGTGATCTCGGGGTGGTGGAGGCTCTAGGGAAAGGAAAAGGCAGGAGTGAACTTCCACACAGCAGCAATGGCAGAACCAAAGGTGGCTTTGACCT	70.8%	AA?>?>BC<AAA@B@@@C>AABBB<CCCCCCCC>C?B?BG>CBCIA@@C@CC>AA@@B?BAB@A?@@A;???ABB?B?BBB?B>@?@A?@A@?BBCC=CCCC>B@@A????4???@@GBBBBB=BAAABBBBBABB9BB@BB?>><>BAAAAA>AE>D@CDD9A=A??<?DBBB?AB?D@AAAA@B@AABB@CC?BBB@:?28828?AC?BBB=AA@=@
32	1UX0E:01014:03109	226	CTGCAGACCAGGCCCATGACAAACACCGTCTCCAGCGGGCAGAGCAAAGGAAGGGCACAGCGCCAGGCAGTGGTGCAGCTGCCTGTCAGGAAGAGGCCTACTTCTGGTGAAACTGGGCAGACAAAAGGCAGTGAGAAATGTGATCTCGGGGTGGTGGAGGCTCTAGGGAAAGGAAAAGGCAGGAGTGAACTTCCACACAGCAGCAATGGCAGAACCAAAGGTGGCT	58.8%	@@@ABAAA?@@<A?7BCBCCCE>DCC@AAABB>BBBCC<CBBBBAAA<A<A9?>9?@@A@BBC>BB>@AABB<A?BBB787C>BBBBBB?B?BBB>>9>B@@<@>>:<<AA9;==A:<@<=<<<<5=>==<A>>>@@:B>>>@@??????2?A?B@:AA<@@==>>>8>A:A9===5=>@@A=AA@@@<BB?@=@BB@AAABB@@<@@<@CCC@C>AB=B@BB@DD
33	1UX0E:01329:06444	202	GGAAGTTCACTCCTGCCTTTTCCTTTCCCTAGAGCCTCCACCACCCCGAGATCACATTTCTCACTGCCTTTTGTCTGCCCAGTTTCACCAGAAGTAGGCCTCTTCCTGACAGGCAGCTGCACCACTGCCTGGCGCTGTGCCCTTCCTTTGCTCTGCCCGCTGGAGACGGTGTTTGTCATGGGCCTGGTCTGCAGGGATCCTG	82.7%	C<C;@@>A@AACABBB@BBB9B@CC>CD>CAA@BB@BC?BC@A@@@6???@BABBBCC>CCCCCCCC?BBB7BBBBBAD=BAAA<@BB@CCC?CAAA?B>BAA>B@CBBBBB?BAABBBAAB?>>?BB?BCABBBBAAACF>CAC@CC>CCBBBCCC>DCDD?BBBCC@CAAA<ABAC@@@:A?@A?ACCCCCCC>CCC@BB
34	1UX0E:02466:05475	209	AGCCTCCACCACCCCGAGATCACATTTCTCACTGCCTTTTGTCTGCCCAGTTTCACCAGAAGTAGGCCTCTTCCTGACAGGCAGCTGCACCACTGCCTGGCGCTGTGCCCTTCCTTTGCTCTGCCCGCTGGAGACGGTGTTTGTCATGGGCCTGGTCTGCAGGGATCCTGCTACAAAGGTGAAACCCAGGAGAGTGTGGAGTCCAGAGT	80.9%	???;@@;==::9:9-;@@@@ABBCIJ?BBBCCCBC?CEE;BBCCCBC<A@BC=CCC>ABD@CCCC@F@BBC>A>ABAAAA?ABA@??AAA?B@@@A=AB@ABBB@@@BB=B@C@CC>CCCBCCCD=CCCC@CBBAA>ABBB>BBBBAAB=B?BD@CBBBBAAA<AAA@BCBBBBBB>B@BBCC=BA<AA=AABBBBBB@BBBB?BCDAA
35	1UX0E:04044:02140	221	CTGTGCCTGGGTCCTGGCAACACTCTGGACTCCACACTCTCCTGGGTTTCACCTTTGTAGCAGGATCCCTGCAGACCAGGCCCATGACAAACACCGTCTCCAGCGGGCAGAGCAAAGGAAGGGCACAGCGCCAGGCAGTGGTGCAGCTGCCTGTCAGGAAGAGGCCTACTTCTGGTGAAACTGGGCAGACAAAAGGCAGTGAGAAATGTGATCTCGGGGTA	46.2%	>@?@AA=AAD<BA>AC?@@>@CAAACC?CBBC?CBDCB@@A@CCG=CC>BBA@CB<A?::99918?>A7>@AACCD@??>@E=@BAB@@@6:7819:<79189<<>8>=?;=>@@:@;?<>B>BBBBBBBB=@><?;<>86;>>==>ABB=>>>>>@=B<@@@6:3?A??;???9?@@@9??AA;@@?@999929<ABEBBBAA@;;:;>?;;;>>>A288
36	1UX0E:04203:00786	212	CTCCAACGGGCACTAATGCCTGTGCCTGGGTCCTGGCAACACTCTGGACTCCACACTCTCCTGGGTTTCACCTTTGTAGCAGGATCCCTGCAGACCAGGCCCATGACAAACACCGTCTCCAGCGGGCAGAGCAAAGGAAGGGCACAGCGCCAGGCAGTGGTGCAGCTGCCTGTCAGGAAGAGGCCTACTTCTGGTGAAACTGGGCAGACAAA	67.0%	>@@AE@BCC?BBBBB@BBC?A@@@B?ACC<BA@BB@B@>AB@@@BC>BBBC@CBABCAAA?ACD>CC>CBA;@A<A@ABBBB?B@?@8??BBCCCABB<??9?@@B@@A=AAA?BAAAA8:;CCC>CBABBBBB>B>A>AB=???BBA??<?B?@BB??<?@@@>>>>>=AA@???=C<;;;181:@AA>BCB?CBCC>BBBB>BAAB????
37	1UX0E:04328:03695	228	CCATGGGGATCTTCTTAAATTGAGACTAGGGGGTGAATAGTCCAGGGCAGCTAACTTTAGTTATTATAGAAAGGGCAGTAGCAGATGGGTCTGCTCCGTCTCGCTTCTAAGAAGGTGGGCAGGACAAATGGCAGCCTCCTGCAGAGGCCCAGTGAGAAGCCTGGCCCTCGGCCACGCAGGATGGAAGACAGATTGGATTCCACAGAGGGGAGCTGCCCTGGGAAGATC	60.5%	?:=7777*:=9>:@>;??:@?AA???=99999';AA;@BABA?BBC>BBCBBB@CCC>BBC<@A=>@>>>>5>C;@BBBBBABBBBBB:??BBB@A@DCBBBBBDACCA?CC?C=B@D>ABB@CBCC<BB?AABC?BB=ABBBBBA=BC=CCDCCCC?BB@BB?BD>BCB?B@DBBAAA??@@394:@:::BA2837;5:5>7;;AAAA28<BBBCC:;?D>C?B@BB
38	1UX0E:03018:04438	217	TCTGTGGAATCCAATCTGTCTTCCATCCTGCGTGGCCGAGGGCCAGGCTTCTCACTGGGCCTCTGCAGGAGGCTGCCATTTGTCCTGCCCACCTTCTTAGAAGCGAGACGGAGCAGACCCATCTGCTACTGCCCTTTCTATAATAACTAAAGTTAGCTGCCCTGGACTATTCACCCCCTAGTCTCAATTTAAGAAGATCCCCATGGCCACAGGGCCC	61.3%	@ABBBB@B?BB@C@CBCBBCC@CACBB>AA>??>:?;@???<?=@A=??<?DCCDCCD=C@CCCCCCC?BB?BAAB?BBF>@@A?C@@A<@D@D@BB?CBC@BBBBAABD@BBADCCBB=BBABABBCBBBBB<CB<BBBBB>BB>B>==7=B>ABCBBBB>BB?BA@BB>B77777)9<<==>>>:>A1818=8=@====2=<<8<8:::<<8=B:
39	1UX0E:03759:03633	214	CTGTCTTCCATCCTGCGTGGCCGAGGGCCAGGCTTCTCACTGGGCCTCTGCAGGAGGCTGCCATTTGTCCTGCCCACCTTCTTAGAAGCGAGACGGAGCAGACCCATCTGCTACTGCCCTTTCTATAATAACTAAAGTTAGCTGCCCTGGACTATTCACCCCCTAGTCTCAATTTAAGAAGATCCCATGGCCACAGGGCCCCTGCCTGGGGGCT	44.9%	AABBBB=A>A;;4<AA>CC=B>A;<;0::@@=@@>;;;CEGCD>C@BAABCBB?BB?@@;;5;A?6?992944;)557<?@@9:9B=B@?ABBBB?@;;;CBBD?BBBAABBBCABAA=AA9@@;;;8<B>B:99/:=;>AA9;<G>BC?CCCCC>C;;;::*;AA@AB@@<@D=B=B@=@@???;?9:49;990::366:*://)/////$/:
40	1UX0E:00563:02250	203	GAGGGCCAGGCTTCTCACTGGGCCTCTGCAGGAGGCTGCCATTTGTCCTGCCCACCTTCTTAGAAGCGAGACGGAGCAGACCCATCTGCTACTGCCCTTTCTATAATAACTGAAGTTAGCTGCCCTGGACTATTCACCCCCTAGTCTCAATTTAAGAAGATCCCATGCCACAGGGCCCCTGCCTGGGGGCCTTGTCACCTCCC	54.7%	>A<C7B=@@?DD@DBAABCBD497:ABBBCC@CCACBCC>BBF>BBC@BAAA8@B=A=BA<@@A;@?@@@ACC@BBBCCBBB:@@@>>???>?@?@9@A;ABAA@>@@<@BBB>AA?BBA??>F>BB>ACBCB>AAABBC1@BB699CC@AA9><>@:>==<=4===<7<<;;;1;>>/=9:878666'/4:5<//-602266
41	1UX0E:02096:05509	225	AAGGCTGTGGGGCAGGTTAGGGAGCAAGGCTGCAGGAGTGACTCAGGAAGAAGGTGGGGAGGTGACAAGCCCCCAGGCAGGGGCCCTGTGGCCATGGGGATCTTCTTAAATTGAGACTAGGGGGTGAATAGTCCAGGGCAGCTAACTTTAGTTATTATAGAAAGGGCAGTAACAGATGGGTCTGCTCCGTCTCGCTTCTAAGAAGGTGGGCAGGACAAATGGCAG	66.2%	@?B?BCCBBCB:A@A?B>BAD<@@@A=A?B@ACIC?BABBBAA@B@=@?AA@A=??@?5???BCCCA:99999(9@399@>A0?;8?AAA?B?AA@AA8@@AB?BB?BB<B?BA@AA;;;BBA,A@@?BBBBB?CCD>CCCCBB?BFD>B@?<?C<???@??38838?????ABABBBB=BAABABB@BBCBBBBEABBCABB?BACCC=CCC@BBBB=CD?CCC
42	1UX0E:04836:06700	218	CCATTTGTCCTGCCCACCTTCTTAGAAGCGAGACGGAGCAGACCCATCTGCTACTGCCCTTTCTATAATAACTAAAGTTAGCTGCCCTGGACTATTCACCCCCTAGTCTCAATTTAAGAAGATCCATGCACAGGGCCCTGCCTGGGGCTTGGTCACCTCCCCCACCTTCTTCCTGAGTCATTCCTGCAGCCTTGCTCCCTAACCTGCCCACAGCCTTG	42.7%	A>AAC8AAB?BBCC>@@>A7BB>@AB@CBBCCCCC@BBBCCCCD=BBBBBBBBBCCCC=BC<B@@@A=AA?BBAA=BA?BBAABBC=CD@???BB>B?==??.@@@@AAAA>AE>C>AA>>?>?20////////(/;(33;429AA6:939;><<=9;0000(/727)//)/2775=00/;)/)/4499:8<7<;///(//)/36///(333772849
43	1UX0E:03320:00143	211	CCTGAGTCATTCCTGCAGCCTTTGCTCCCTAACCTGCCCCACAGCCTTGCCTGGATTTCTATCTCCCTGGCTTGGTGCCAGTTCCTCCAAGTCGATGGCACCTCCCTCCCTCTCAACCACTTGAGCAAACTCCAAGACATCTTCTACCCCAACACCAGCAATTGTGCCAAGGGCCATTAGGCTCTCAGCATGACTATTTTTAGAGACCCCG	25.1%	@>ACDECCCD:C:BBBAAA=@909954:.;47@8=;;::+39:=>7<7?B<??<?>=45544A?AA89:29;286;::7;;;9?:?A:><>?B@@@A<@>=8;;;/;@@8A@>@B?B=@AB<8958<;3837186>>@BBBC>>B::89+94>>>;?@;;5;155574:/52)23:A:@?<;95><@@A@@99:=7899:)7<<>8:;:+8
44	1UX0E:01718:05547	219	AGCAATTGTGCCAAGGGCCATTAGGCTCTCAGCATGACTATTTTTAGAGACCCCGTGTCTGTCACTGAAACCTTTTTTGTGGGAAACTATTCCTCCCATCTGCAACAGCTGCCCCTGCTGACTGCCCTTCTCTCCTCCCTCTCATCCCAGAGAAACAGGTCAGCTGGGAGCTTCTGCCCCCACTGCCTAGGGACCAACAGGGGCAGGAGGCAGTCACTG	57.1%	AABB?B:BBBB>B?BC=CACC@BB?BBCCCCCBBBBBBCCCCCC1CCCBBCDD9CCAAAACBB@@BA??6A9?>?>?&>@@D:@A>ACBC@B@CCE=CBBBBAA?AAABAAABB8ABBBAA@BCCD:B?BBBA@=BBD;A@CAA@>A5;9;656)8688=???@?@@9?@@@;;;;>>>>/=?>9838>>A7>>;>:>;777-7771//)/9557><<>
45	1UX0E:03002:01254	218	ACCAATCAATAAAGAACTGAGCAGAAACCAGTGTGCTTTTAATAAAGGATCTCTAGCTGTGCAGGATGCAAACGTCTCGGGGTCAGTGACTGCCTCCTGCCCCTGTTGGTCCCTAGGCAGTGGGGGCAGAAGCTCCCAGCTGACCTGTTTCTCTGGGATGAGAGGGAGGAGAGAAGGGCAGTCAGCAGGGGCAGCTGTTGCAGATGGGAGGAATAGTT	44.0%	@C@C>BBB=?>>8?A;A@@@@@AABB<A?CCCBBBDD>>2D:AAB=B@DCCBBBBBBDBABABB@BBBBBB<BAAABBCCC5==@BB>?>;;;:=>9=:979/;;>:?:;;;3;<<:<=<?>>>>/??@B7>>>AA:A@?????<>>>A9>>>==>8=@@A>>>B:?=;===>>=AD:AAAAAAAB>>>>3>ABA=<<=AA???9992;?;A=?>?B;
46	1UX0E:03055:02350	212	AGAAACCAACAGTGTGCTTTTAATAAAGGATCTCTAGCTGTGCAGGATGCAAACGTCTCGGGGTCAGTGACTGCCTCCTGCCCCTGTTGGTCCCTAGGCAGTGGGGGCAGAAGCTCCCAGCTGACCTGTTTCGTCTGGGATGAGAGGGAGGAGAGAAGGGCAGTCAGCAGGGGCAGCTGGTTGCAGATGGGAGGAATAGGTCTCCCCACAAA	22.2%	??CC>C@C@AA;;;AAAAAA9A?BCE=C@BB@@@@@@@A@BCCBB;;;;;:9(4994<?@@@,00//////9<<555.54999&4/7)/)/;<399@<>@>>=@@@+?@@A;;;:::099:444:58899(///6///+/88<:::=6<;16////(/8/89668//.3555&....9727.5522279:1534949--)--,666&-....
47	1UX0E:04161:03645	218	CTGCGCCACAGTGTTCTTAAGAGGCTTCCAGAGAAAACGGCACACCAATCAATAAAGAACTGAGCAGAAACCAACAGTGTGCTTTTAATAAAGGATCTCTAGCTGTGCAGGATGCAAACGTCTCGGGGTCAGTGACTGCCTCCTGCCCCTGTTGGTCCCTAGGCAGTGGGGGCAGAAGCTCCAGCTGACCTGTTTCTCTGGGATGAGAGGGAGGAGAG	55.0%	:BB??@?BBB?@@E@CD@C?BBC?CC>?=@AB@@@@7BC?BBBBB=@<ABC>BBB=CC@;9:BCDCCBB>B:B?BC;:;CC;;::&9<@@A<A?;:;@@??BBCCBBBBB>@ABDFF>CCCCBBAEC:CBCBBBB@@@B@@@<@@?@@6@CCAG@CBG>AAC?@@?;;;;;*;@A?=?=00+0;889;;6<337(377333(399==;;<38828565
48	1UX0E:00802:04012	238	GGGACCAACAGGGGCAGGAGGCAGTCACTGACCCCGAGACGTTTGCATCCTGCACAGCTAGAGATCCTTTATTAAAAGCACACTGTTGGTTTCTGCTCAGTTCTTTATTGATTGGTGTGCCGTTTTCTCTGGAAGCCTCTTAAAGAACACTGTGGCGCAGGCTGGGTGGAGCCGTCCCCCCATGGAGCACAGGCAGACAGAAGTCCCCGCCCCAGCTGTGTGGCCTCAAGCCAGCCTT	60.1%	78-:?=B?BBBDD9B@?9995;ABAAABA@??CC9BBB@BA@@;AABCC?9;=CCCEBAABBBAA?4990:;5;<<.9<BBBBBBA?B=@@;@AAA?@>9939>>/99>ABB?B?BBAAA>AABB:ABC>><;<??:=99)//)//(0=>>ACC@BCCAA<@A@@9@B?AAA@BBBBCBB)BCK>AABFEBB?BCMAAACC?BAAAB9BBCC;D:::AA@@@=A?BBC?BEA;;;@GA
49	1UX0E:04056:01008	227	ACTGACCCCGAGACGTTTGCATCCTGCACAGCTAGAGATCCTTTATTAAAAGCACACTGTTGGTTTCTGCTCAGTTCTTTATTGATTGGTGTGCCGTTTTCTCTGGAAGCCTCTTAAGAACACAGTGGCGCAGGCTGGGTGGAGCCGTCCCCCCATGGAGCACAGGCAGACAGAAGTCCCCGCCCCAGCTGTGTGGCCTCAAGCCAGCCTTCCGCTCCTTGAAGCTG	65.6%	?799::;;.;::A?AAB8;;BAA?BBBAABBCA@@@@9998=>6;;5;A@3ACCADCBBB@C@DC>DAABCCCBC>@@@;@@@CDC@C?BBAAA>@CCC9BA???;@=@@>BCD?C?CD?CCCBBBC>BCCBB@BBBB=BB?BAA;?======&=AA=ABBBBBC@@AACCCC@@A<;;;.;;;;.;?AABBDBB@C@BBC?AA<ABB=B>A>B;;<@D@CC@BBBB
50	1UX0E:04786:01419	205	GACGGAACCAGCACTGTGTGGAGACCAGCTTCAAGGAGCGGAAGGCTGGCTTGAGGCCACACAGCTGGGGCGGGGACTTCTGTCTGCCTGTGCTCCATGGGGGGACGGCTCCACCCAGCCTGCGCCACTGTGTTCTTAAGAGGCTTCCAGAGAAAACGGCACACCAATCAATAAAGAACTGAGCAGAAACCAACAGTGTGCTTTT	56.6%	=??=9?6:6:BA@@@@@@@@<AACB?CBA@?BB?B<??@B?B?B?AAB?CC@AAA@B@BCBAAB9::??2????3?=><@@@DBBBE>BAA@;;;;A;;;;;;%;AA=B@B>BCE=BCB@B@@@B@BBBBBBB@DFACABBB?BB=@<@A@????5@A>ABBBB?C9<;A=;;;08><?@@;;;@@==6=2939???ABBCFCC:
51	1UX0E:00108:03440	231	TGGCGCAGGCTGGGGTGGAGCCGTCCCCCCATGGAGCACAGGCAGACAGAAGTCCCCGCCCCAGCTGTGTGGCCTCAAGCCAGCCTTCCGCTCCTTGAAGCTGGTCTCCACACAGTGCTGGTTCCGTCACCCCCTCCCAAGGAAGTAGGTCTGAGCAGCTTGTCCTGGCTGTGTCCATGTCAGAGCAACGGGCCCAAGTCTGGGTCTGGGGGGGAAGGTGTCATGGAGCCC	22.5%	986:AAAA=?7777-8?=999ACACBAAA(@@B?B@@@BBB>BAA;95555566@@0====.<555:;>@@7?8==?:>@=@BB7;7;;@@;;9;?DE9;;::5;9:@29;:9:<===@@=@=@<>>=;?@@@.AAB<B>B=C<;;;9;944494445557<561697;@66///)////7779:883877(//(/)////9:2:<8888888#:8=99766///(////(
52	1UX0E:04417:05960	188	GTCTGAGCAGCTTGTCCTGGCTGTGTCCATGTCAGAGCAACGGCCCAAGTCTGGGTCTGGGGGGGAAGGTGTCATGGAGCCCCCTACGATTCCCAGTCGTCCTCGTCCTCCTCTGCCTGTGGCTGCTGCGGTGGCGGCAGAGGAGGGATGGAGTCTGACACGCGGGCAAAGGCTCCTCCGGGCCCCTC	86.7%	9>?@@AAACBACACCB:CC@CCBBBBB?AAACBBBBBBB?@C<@@<@@CCCCCE<A@@CDDDDD#B?B@BBBCBBC?BBAAAA1ABCBCB<AA<ACCBBBC?BBBBB@BB@CAAAC?BBCC8CBCBCCCC@CD@CC@BBBBB>@@C>BBB@AABCCCDBBBCCCC>CCC=B@CCC?BB@BB>BCC9BB
53	1UX0E:03937:04381	226	GCCCAAGTCTGGGTCTGGGGGGGAAGGTGTCATGGAGCCCCCTACGATTCCCAGTCGTCCTCGTCCTCCTCTGCCTGTGGCTGCTGCGGTGGCGGCAGAGGAGGGATGGAGTCTGACACGCGGGCAAAGGCTCCTCCGGGCCCCTCACCAGCCCCAGGTCCTTTCCCAGAGATGCCTGGAGGGAAAAGGCTGAGTGAGGGTGGTTGGTGGGAAACCCTGGTTCCCC	69.9%	9??:?@CCCBCC<@@?=====?#?=A=ABBBCBB?BCCCCC1@ABA@@;?@;?ABBBCC?BBBBB?CCADCBBC@CCBC?BBBBBCCC@BB@AA>AAABB>@AC<BAB>@@CBB@@@BBBBBB<AAD>D@A@@=::6;B<CGE;CCCC?DA@@@8@D@DD@JF=AA>@AAABBA?>@C@BBE=CCC;CABCCCBBA;;;6;C@D@D@EED8;;6;?8>=8=2797-
54	1UX0E:02410:04755	229	ATTTAAGTCTCCGGGGGCTGGGGGAACCAGGGTTTCCCACCAACCACCCTCACTCAGCCTTTTCCCTCCAGGCATCTCTGGGAAAGGACCTGGGGCTGGTGAGGGGCCCGGAGGAGCCTTTGCCCGCGTGTCAGACTCCATCCCTCCTCTGCCGCCACCGCAGCAGCCACAGGCAGAGGAGGACGAGGACGACTGGGAATCGTAGGGGGCTCCATGACACCTTCCCCCC	74.7%	BBC>C?AAAAA>ACBB1@A@BCC1C>B>AAA<AB=BC=BB?B@C?CCE>CBBBCBBBA>BCC9CC<BB?BB?@@@ABA@@B<BB=B?BCAECEE9BBB@BBBCCC9CC=C<@A=AACACF>CCC=BCCCCCBBAB@@?=@BAD=AA?ACBAC?BA=???BB@@@A?@=@AAB@BBBBC@BB?BBBBB?BAAAA::92:<@@@BAA@A@2@AA@BBBCBB?9>399999%
55	1UX0E:00152:02581	194	GCCTGTGGCTGCTGCGGTGGCGGCAGAGGAGGGATGGAGTCTGACACGCGGGCAAAGGCTCCTCCGGGCCCCTCACCAGCCCCAGGTCCTTTCCCAGAGATGCCTGGAGGGAAAAGGCTGAGTGAGGGTGGTTGGTGGGAAACCCTGGTTACCCCCAGCCCCCGGAGACTTAAATACAGGAAGAAAAAGGCAGG	37.6%	<??CBCBABBBCBACA?;;8;A?BCCCC@BBC=BBC@DBBBABCCBCCCBA:??@:@??@@>BB499/:::-;>A@<A@???5?@9==9=>,:9,:><>>??<6:=6<<B<>@A2@<@BAAA@BB?A:@A:>:=<:9:0::1:=4=A8=388DDD.86AC>>*9482239177188;:9+2+22222$24/./(
56	1UX0E:02890:04877	224	GCCTGTGGCTGCTGCGGTGGCGGCAGAGGAGGGATGGAGTCTGACACGCGGGCAAAGGCTCCTCCGGGCCCCTCACCAGCCCCAGGTCCTTTCCCAGAGATGCCTGGAGGGAAAAGGCTGAGTGAGGGTGGTTGGTGGGAAACCCTGGTTCCCCCAGCCCCCGGAGACTTAAATACAGGAAGAAAAAGGCAGGACAGAATTACAAGGTGCTGGCCCAGGGCGGG	46.9%	<?@BDBC>ABCCBBCC?@@=@B?BCCICACCC>BAA?CCCCCCBBBCDCCC=CCC>C@A:;9;A<@@9??=2?@??;?AABB9BG@BB>@@8>>8>AAACBBB?BB?BBD=AAB5B=:>>BBCAA=B9<<8<3:1:<<.:9*88)8<:>18898(:99999(:8>@;BB@CD=ABB@=18188888(89@=>7;;;;@<B@?@A<@<>>>=>076,6==6?AA9
57	1UX0E:00366:06522	223	GCCCCTCACCAGCCCCAGGTCCTTTCCCAGAGATGCCTGGAGGGAAAAGGCTGAGTGAGGGTGGTTGGTGGGAAACCCTGGTTCCCCCAGCCCCCGGAGACTTAAATACAGGAAGAAAAAGGCAGGACAGAATTACAAGGTGCTGGCCCAGGGCGGGCAGCGGCCCTGCCTCCTACCCTTGCGCCTCATGACCAGCTTGTTGAAGAGATCCGACATCAAGTGC	70.0%	9???8?CBB<@?===3>B>AA<BB;AA9@AA@@BB?=AC>AAE>BBC;C@BBABBCBBAA=BC@C@C?CCD>CD=BA<A@;?4;;;;);@A@BC5B?BBCBC@CE=BBBBB<A<77887)8?@BB@BBBCD@C@CCC@B?BBCBC?BD>DDF?AAA>ABBAB<@@:@AB?CC?C<;;7;?BBBCACBBCECCADDDC?BAA@@<@B@@CC?BBCBCCB@CAAA
58	1UX0E:02766:04727	217	GAGCCACGAGCCAAGGTGGGCACTTGATGTCGGATCTCTTCAGACAGCTGGTCATGAGGCGCAAGGGTAGGAGGCAGGGCCGCTGCCCGCCCTGGGCCAGCACCTCGTAATTCTGTCCTGCCTTTTTCCTCCTGTATTTAAGTCTCCGGGGGCTGGGGGAACCAGGGTTTCCCACCAACCACCCTCACTCAGCCTTTTCCCTCCAGGCATCTCTGGG	66.4%	=ABB>CCBBBB?C@B@BBB<AD@@<ACBBBBC?AA?>::6,,*****,;;6@A??@::7;AAB@ED=BBBABB@AAAC?C@CCCBAA;:::0;;;0;=@@BBB?BBB@A?A@CBBCC?CCC@CDCC1C@CB@BA:::@:@=AABCC@DCCC2B@@@@@0?=B>;;;0;@8@E=BB>C@D?;;;7;B@BBB@@A@GEE9AB>BB@@A?@BBBBAABB<
59	1UX0E:04650:05099	229	AGGGAGTCACCGGTCGCATGTGACTGAACTCTTCACCCCAGTCTGTGGCTTTCCCGTTGCAGTGAGAGCCACGAGCCAAGGTGGGCACTTGATGTCGGATCTCTTCAACAAGCTGGTCATGAGGCGCAAGGGTAGGAGGCAGGGCCGCTGCCCGCCCTGGGCCAGCACCTTGTAATTCTGTCCTGCCTTTTTCTTCCTGTATTTAAGTCTCCGGGGGCTGGGGGAACCA	76.0%	==C:@@@AA@<@?BCCCBBAABBAABB>A@@@?BBBBB7@?@?????==>>8?A:@A?AABABBBBCCB@BCCDCC@C@C@BAA:A?@B@CCECEGG?AA@B@@<@E?BB@DCCC?BBCCCCB@BCEG@CC<BBCABB@BCCC=B?BACCBB>BEE=BAC>C@CBBBB?B@BBB@C@CBCDC?A:;6;AA@,AB6:7:@@@@B<B?BBAAA9????1?DCDDG5E@HAH
60	1UX0E:03263:03996	199	CTTCACCCCAGTCTGTGGCTTTCCCGTTGCAGTGAGAGCCACGAGCCAAGGTGGGCACTTGATGTCGGATCTCTTCAACAAGCTGGTCATGAGGCGCAAGGGTAGGAGGCAGGGCCGCTGCCCGCCCTGGGCCAGCACCTTGTAATTCTGTCCTGCCTTTTTCTTCCTGTATTTAAGTCTCCGGGGGCTGGGGGAACCA	75.9%	?A==9999*:@@?@ABB?CCE>BB=AC?BAB@A??999C@CCDCCC?B@B@BBF>CBCC@CAAABBC@BCBCCC@CC@AA>@CCC@CBAA?@>:?@@B=BB=AAA?BA?CCDC>C@BABBCC>CCC>CCC=C?CCBAC?C@CCC@C?CCBBB?BAB=A@@@2?C?A>AABAAA=B?BCCCC?BBBB2BBCCDC5C@C@B
61	1UX0E:02359:07402	206	GAGGAAAAAGGCAGGACAGAATTACGAGGTGCTGGCCCAGGGCGGGCAGCGGCCCTGCCTCCTACCCTTGCGCCTCATGACCAGCTTGTTGAAGAGATCCGACATCAAGTGCCCACCTTGGCTCGTGGCTCTCACTGCAACGGGAAAGCCACAGACTGGGGTGAAGAGTTCAGTCACATGCGACCGGTGACTCCCTGTCCCCACCC	50.5%	>@A>@@@@2@<ABB?CCCCC?C@CCCCC@CCBBC@CC=CDD=BCB>BBBCC?CD<BBC?@@;?===5==?ABB?B@BBBCB=@@@B=@@=BB?@<<=>A;ABBBBBB>BBAAA9>>9>:>;??888>:>@@???@AA;<9=DD9@@8@A=@?@?@?<<<<1<<@;???@=A>>>;;;@888>>>;@;>=A?>>>;====>>5A@A4
62	1UX0E:03166:06095	213	GGGAAAGCCACAGACTGGGGTGAAGAGTTCAGTCACATGCGACCGGTGACTCCCTGTCCCCACCCCCATGACACTCCCCAGCCCTCCAAGGCCACTGTGTTTCCCAGTTAGCTCAGAGCCTCAGTCGATCCCTGACCCAGCACCAGGCACTGATGAGACAGCGGCGGTTTGAGGAGCCACCTCCCAGCCACCTCGGGGCCAGGGCCAGGGTGT	81.2%	??6=C;@@>A@@@BBBBBB8BBC?BBBB?BBCCBBBBBBCCCC@CBCBB@A@@<BBCCDD9CCCCC1CCCBB@B==>=3>>AB;@?@C@C@D@DCC@AADE>CD=BBB?BCBB@@@@>?:?@@@BBCBBBB8AAABB<BCCCC?CC?CBBCCCCCCCCBBCDC@CC@CC>CBC@CBB?BB>BBB=CCH@DD@CCCCC<CADCC>B?BCC>BBC
63	1UX0E:00323:06163	218	TCTGTGACCCCAGGCAAGCTGCCTCACCTCTCTGGGCCAGTTTCCCCATCGTACAGTGGTGCTGCACACCCTGGCCCTGGCCCCGAGGTGGCTGGGAGGTGGCTCCTCAAACAGCCGCTGTCTCATCAGTGCCCGGTGCTGGGTCAGGGATCGACTGAGGCTCTGAGCTAACTGGGAAACACAGTGGCCTTGGAGGGCTGGGGAGTGTCATGGGGGTG	70.6%	???A@A@@?@6@BFCD@CDCBCAFCCE@CBA@@?A9A799BC<CBB9A@@A@@899A@>ABAAAAA@;;:.9=9CC=DE@BBB;BCD@CC?BBED>BB?BC@BBB?BBBB=AB;;8;CCBBBBBBBBCAAABC=B@CCBBBL>BBA@A:@@@ABBBBAD@CBBCCCFCBB>;;;;0;;0;A@AAAB@B?B=A<;;;0;?ABC9DCCBCBB;<;<<*9@
64	1UX0E:02006:06230	227	AATCTTCTTCGACTGCCAAGAGCGGTCCAAGGCAATGGTCAGCCACTGCAGCCTCCTGAGATATTTTTAGAGACTGGACCTGAGGCCTCTGGAGGCTACTGATGATGCCTGCTGTGAACGCAGACACTGGTGTGATGCGATGCCTGCGCCTGCAGCGGCAGTGCCCTGGGCACTATGGTTTTGAGCTTGTACCCAGCGCTGCTTTTGCCTTGCTCTGTGACCCCAGG	62.6%	B?BBB>BC@CCBCCCB?B?ABBCC@CC?CAG@BB?@?;@BBBC@BBAABABD@CC?BAA@@@>>???1???ABBA@@BB?BCBB>B>@@BB>BB@BAABBBBB@@@BB>A?@@=>=A<??@BB??>>>>;A?>=<<>??AD@B<??BBA<??BBBBB?B@???@@:@CC>BAAABBB==<<2<AA@@;>@@@E:??;;;@AABDC5>>;@=A?=>=;;;BCBB9AA?
65	1UX0E:01458:00315	219	TGGGTACAAGCTCAAAACCATAGTGCCCAGGGCACTGCCGCTGCAGGCGCAGGCATCGCATCACACCAGTGTCTGCGTTCACAGCAGGCATCATCAGTAGCCTCCAGAGGCCTCAGGTCCAGTCTCTAAAAATATCTCAGGAGGCTGCAGTGGCTGACCATTGCCTTGGACCGCTCTTGGCAGTCGAAGAAGATTCTCCTGTCAGTTTGAGCTGGGTGA	10.0%	333(34=B:?977978*728;9;?@DE=AAA855<<;;7;;;;A;;:@@>9;5////;:9;;<<;;499955444555.5;556>>D=B?@??::==::::+/0*/;980:60//86//*/::;<==BBBB2?::88899422,2699A222277225422,296?;D9>=;?>@@A3845559;;=422-29:177928898889;3;8888890655
66	1UX0E:01297:02497	236	AAAAACCATCAGTGCCCAGGGCACCTGCCGCTGCAGGCGCAGGCATCGCATCACACCAGTGTCTGCGTTCACAGCAGGCATCATCAGTAGCCTCCAGAGGCCTCAGGTCCAGTCTCTAAAAATATCTCAGGAGGCTGCAGTGGCTGACCATTGCCTTGGACCGCTCTTGGCAGTCGAAGAAGATTCTCCTGTCAGTTTGAGCTGGGTGAGCTTAGAGAGGAAAGCTCCACTATGGC	35.2%	3333$3-334489444,49;1:55.555.5;@B@;;2;9;=<:?;;;DCABBBCBA?B@@?>>?@@AA?@@@BBBBB?B@@@A997878;<?@A>ABAB>B?C:99?BB?BBB:;;=@C@C.888;::9;6::5;>>??>==:=??BC=>>8>A=D:>:=@;?;;;@;?;?@A@@?A;@C=AAB=>>?<@?@A@@AA:AA>>>>>8>>>?BB:>=>=@@=BC9?@@@:==888>:>
67	1UX0E:04449:05021	218	ACCATAGTGCCCAGGGCACTGCCGCTGCAGGCGCAGGCATCGCATCACACCAGTGTCTGCGTTCACAGCAGGCATCATCAGTAGCCTCCAGAGGCCTCAGGTCCAGTCTCTAAAAATATCTCAGGAGGCTGCAGTGGCTGACCATTGCCTTGGACCGCTCTTGGCAGTCGAAGAAGATTCTCCTGTCAGTTTGAGCTGGGTGAGCTTAGAGAGGAAAG	50.9%	9929=?@@@@A;@AA<BBBBCF@CCCBBBC@CGCBB@B@ABBHCCGDBBA?B@@@@AAACCC@BBBCCBAA=A??==899<==9939=9??AA?B>BABB>AA>BAB;::<<DFD/:;::;:=>:=A<>>>?;;;B=A@@;;5;;5;?9=9>=??<?@AAB=A<>>>??AA<AD<AAA=AAA=@AA>>>?>3;:>>>AA:A@AA;;7;@>>>C=BC;?
68	1UX0E:01334:02947	217	ACCATAGTGCCCAGGGCACTGCCGCTGCAGGCGCAGGCATCGCATCACACCAGTGTCTGCGTTCACAGCAGGCATCATCAGTAGCCTCCAGAGGCCTCAGGTCCAGTCTCTAAAATATCTCAGGAGGCTGCAGTGGCTGACCATTGCCTTGGACCGCTCTTGGCAGTCGAAGAAGATTCTCCTGTCAGTTTGAGCTGGGTGAGCTTAGAGAGGAAAG	46.5%	>A?AB@@@@AB=ABB=ABBBBB>BBCCABB?ABAAA>ABCCCBBBCBBCC?BBBBCBAABCC?BBAABBBC?BBBBA999<=<9949>8>A>50<=A@@A?BB?CBB>>>8888)678;:775/5919>@A@A@A=@?<>>=@A96516:>;AB;?>;;;8=8=>;;;??:;;5::=6988;>@A???@?7?888=@B:@;;;BB9@?AA@A7:919
69	1UX0E:00938:03221	223	GCTATGGCTCCTTCCTGGTTTGGGAGCCATAGTGGAGCTTTCCTCTCTAAGCTCACCCAGCTCAAACTGACAGGAGAATCTTCTTCGACTGCCAAGAGCGGTCAAGGCAATGGTCAGCCACTGCAGCCTCCTGAGATATTTTTAGAGACTGGACCTGAGGCCTCTGGAGGCTACTGATGATGCCTGCTGTGAACGCAGACACTGGTGTGATGCGATGCCTGCG	44.8%	?AA?:;69=?:@5;5;@<@@6@A;@@B@B@CCAA869@C>6C?B;59::5:;;;;<;4;;;8:::/9<>=@@=;@??9?@A8=>;?>AAACC?B@BB>>><00/4949;:=@ACBBAA>ACCCABIJ@CCACBA;;99:CCD155@984;;7;B?BBBB<@;>@>><;?7ACC;9:CCCBB;<7;A;;;B@@<@@@?BD;:9BB?BBAB??::9BCBB?CBBB
70	1UX0E:01129:01150	217	AGCCCTCCTGCCTGGGCTATGGCTCCTTCCTGGTTTGGGAGCCATAGTGGAGCTTTCCTCTCTAAGCTCACCCAGCTCAAACTGACAGGAGAATCTTCTTCGACTGCCAAGAGCGGTCCAAGGCAATGGTCAGCCACTGCAGCCTCCTGAGATATTTTTAGAGACTGGACCTGAGGCCTCTGGAGGCTACTGATGATGCCTGCTGTGAACGCAGACA	72.4%	??AA9?@=@@=>@?@<@@?AA?AAA?B?B?CC?BB<BA:@@B6;;BBBB@BBBEF>B?B???@B?@AAA@@@9:8:BBBD@BBAAABB788A<?>C?BB?BBBAA@?<???@@BB>BB?CBDACC@AA=AA@;;6;ABBCCCE?BA@BBBBBBBBCCC5BCCAAACB@BC@CCCD@C@CBAC?BC?CBBBB;;;BBAAC=@@B@A@@B?BAA@A?CB
71	1UX0E:01007:02581	232	CTGCTTCCCCTAGGGCACATGCTGGAAGCCCTGGGCCGCCACCAGAGGTCCTCAGCCCTCCTGCCTGGGCTATGGCTCCTTCCTGGTTTGGGAGCCATAGTGGAGCTTTCCTCTCTAAGCTCACCCAGCTCAAACTGACAGGAGAATCTTCTTCGACTGCCAAGAGCGGTCCAAGGCAATGGTCAGCCACTGCAGCCTCCTGAGATATTTTTAGAGACTGGACCTGAGGCCT	61.2%	BCA?A5:;;.;4;@<AA@BBCCCC>A166;3;B?8D?@@?;:7;@BD=BB??=7333(7>8>?C?BCD?CBBBB@CBB@C?B?BCAEF?DD=AAB>@@@AA@<A@BBC=C@BBBCBB?BAA;;;;0<AA@AA@;??@????=AAB=AAB?BB?BCC@AAA=A<@AA9:59A?A;A=;;7@C?CBBCC@BCFECCAB?AC@CCCCB@@????,@@ABBCCB?BEGEC@A7;7;
72	1UX0E:01628:05857	232	CTGCTTCCCCTAGGGCACATGCTGGAAGCCCTGGGCCGCCACCAGAGGTCCTCAGCCCTCCTGCCTGGGCTATGGCTCCTTCCTGGTTTGGGAGCCATAGTGGAGCTTTCCTCTCTAAGCTCACCCAGCTCAAACTGACAGGAGAATCTTCTTCGACTGCCAAGAGCGGTCCAAGGCAATGGTCAGCCACTGCAGCCTCCTGAGATATTTTTAGAGACTGGACCTGAGGCCT	73.3%	?@?AE@DDD:?A@D>BCBBCCBBCAC:=B>7BB=7B@CC@BA@CB@A>@C>A?A>>>:>C?CBB?@BB<@@@BB?B@@=@;@:::6:@9AC<ABB;;:ADCB@BBBCC=C@BBAC@B?B@@@ACC=AA@DCCC<AABBBBB>>>@@AAA:=<:>AAA@AA?A?ABAAA?BC?A=A=??<CCBCCCDD?BBBACCBB?BB@BCDCCCBBBBB2ACCBBBBB?BD@DD@@<@<@
73	1UX0E:00883:06977	228	GCCAGCTGGCCCCTGCTTCCCCTAGGGCACATGCTGGAAGCCCTGGGCCGCCACCAGAGGTCCTCAGCCCTCCTGCCTGGGCTATGGCTCCTTCCTGGTTTGGGAGCCATAGTGGAGCTTTCCTCTCTAAGCTCACCCAGCTCAAACTGACAGGAGAATCTTCTTCGACTGCCAAGAGCGGTCCAAGGCAATGGTCAGCCACTGCAGCTTCCTGAGATATTTTTAGAG	45.2%	?B?BAAAA5;;;.;?9<4;BB8@@BE>:;=B=BBBA=@::;?4=CB=B@A@>@CACCDB=@A>@@ACCC=CC=??B7:9B=::9@A=ABB@C@C>A@?CC>CC<9988?999>>198?@@8@;>9:;;A=CAA@???7;:;877<3;:999::39:A499>6::<@>>>?>>;>=@AAAB:==<@<A<@@=CC?A@@@@=BCCHHCDBD@D@CBBAA<<;;;;*;?AA
74	1UX0E:02183:01903	229	TCTTGGCAGTCGAAGAAGATTCTCCTGTCAGTTTGAGCTGGGTGAGCTTAGAGAGGAAAGCTCCACTATGGCTCCCAAACCAGGAAGGAGCCATAGCCCAGGCAGGAGGGCTGAGGACCTCTGGTGGCGGCCCAGGGCTTCCAGCATGTGCCCTAGGGGAAGCAGGGGCCAGCTGGCAAGAGCAGGGGGTGGGCAGAAAGCACCCGGTGGACTCAGGGCTGGAGGGGAG	75.5%	AAA@C@CABBBBB@EC@CCC@ICC@CCCCDA@?9>?@@:AB9@?AA@@?BBBBBA?BB;@@@B>BB@@AB@CCBC=BD>B?BB?C?D?BBB????AAA<BD@BBB@CCC?BBBBC@BB>BBBB@CDAEG@BB>BCG@CB@B@CBBBBBDABB=BCCCC=C>AABBBB:B=@@CCC?CC@CA@@::999)9=?9AA?>?8?A=??8?:@A=BBBBBCC=BAA?BBDD9AC
75	1UX0E:03641:04311	225	AGTCGAAGAAGATTCTCCTGTCAGTTTGAGCTGGGTGAGCTTAGAGAGGAAAGCTCCACTATGGCTCCCAAACCAGGAAGGAGCCATAGCCCAGGCAGGAGGGCTGAGGACCTCTGGTGGCGGCCCAGGGCTTCCAGCATGTGCCCTAGGGGAAGCAGGGGCCAGCTGGCAAGAGCAGGGGGGTGGGCAGAAAGCACCCGGTGGACTCAGGGCTGGAGGGGAGGA	59.1%	:9?@;;59924994;>C@CCBDCABB=@@@A@@B9:999@@8@A@@?A;@@6?==>=@A@BBB@@;;;9<J=HABB@BAF@CBD@;<;CCC=BB?BCC@BBD>BBBCC@CC@CCAA:;;ACDADD=BBB;@@?B@BBBBBBABBA:ABAAA9A=BCBAAA6:29@A??=@@?@?A?::::::$987*7<<=@<@BBCB<C?><6>><;<=C<AAB?@@AA9AC?C
76	1UX0E:00170:06515	220	TATGGCTCCCAAACCAGGAAGGAGCCATAGCCCAGGCAGGAGGGCTGAGGACCTCTGGTGGCGGCCCAGGGCTTCCAGCATGTGCCCTAGGGGAAGCAGGGGCCAGCTGGCAAGAGCAGGGGGTGGGCAGAAAGCAGCCCGGTGGACTCAGGGCTGGAGGGGAGGAGGCGATCTTGCCCAAGGCCCTCCGACTGCAAGCTCCAGGGCCCGCTCACCTTGC	37.7%	B@??<?;::.;;0:.9>5?<B5@@B>;;;CCD?CCADDG?AAG>CDAAA>A=8A@A@@AA@::39@9::9-9829;?=BAA@B@@@;???AA8B>CBAADD;D?ABAA@=<@375>>>>DDE/??@:>>><=6=9///=1737837/.--69.7--)-399.9;057499>>>>;BBB>B@B@BC<>??@?878>?;>888=AAA<@@;A@@@BC;;5>@
77	1UX0E:03770:02278	207	CGGGCCCTGGAGCTTGCAGTCGGAGGGCCTTGGGCAAGATCGCCTCCTCCCCTCCAGCCCTGAGTCCACCGGGTGCTTTCTGCCCACCCCCTGCTCTTGCCAGCTGGCCCCTGCTTCCCCTAGGGCACATGCTGGAAGCCCTGGGCCGCCACCAGAGGTCCTCAGCCCTCCTGCCTGGGCTATGGCTCCTTCCTGGTTTGGGAGCCA	54.1%	==>7?A9AC=@@?B@BBAABBA:999,729<@?9:95;A@A@@=A@=?@@@7@B?CAAA<BBABBC=@A>BB?BBBFC>BC;;;8;ADDF5BBBBBF8;;=AAAAA5;;;.;BBB<@@@4@A@A;AA;;:@ABA>A8;;A;>AB9?:>@39:6:AAC???<?AA@@A<AB<A?@=?CF>CBBAB?BCC?B?B@BB<;;1;@-:8=8=
78	1UX0E:00502:06048	206	CTGGGAGCTCCCTGGACTGGAGCCGGGAGGTGGGGAACAGGGCAAGGAGGAAAGGCTGCTCAGGCAGGGCTGGGGAAGCTTACTGTGTCCAAGAGCCTGCTGGGAGGGAAGTCACCTCCCCTCAAACGAGGAGCCCTGCGCTGGGGAGGCCGGACCTTTGGAGACTGTGTGTGGGGGCCTGGGCACTGACTTCTGCAACCACCTGA	57.8%	?@?@9A;55@A8AB=A??@<@AA?CD>CC@CDDD9C?CBBG>EC?@>@C?BB>C@BA?>>=00+0>=@5=0777*8>?AB@BAA@B@@@>B>@??B>BBAAAA9@@C;C:<>ACC?BBDC5?>CD<BABD?BBBB>BBBB=>>BB:BC@C?B@BB@BC=A<??;??>>>>;>@DDD/A:ABB:@?A@BBB>:;=>>DAD>@@?AAA
79	1UX0E:02082:06651	201	TCCCTGCTTCCTCTCTAGCCCCCACCCTGCAGAGCTGGACCCCTGAGCTAGCCATGCTCTGACAGTCTCAGTTGCACACACGAGCCAGCAGAGGGGTTTTGTGCCACTTCTGGATGCTAGGGTTACACTGGGAGACACAGCAGTGAAGCTGAAATGAAAAATGTGTTGCTGTAGTTTGTTATTAGACCCCTTCTTTCCATT	59.2%	777*4:?B;?=ACB?@?99999';@@9ABBBBCB@@A9::99*;CCCBBBCC?@@@BBBBBBBBBCB???BB>AACCCBBBB????BBBBBBBCC9CGD:???B?BBB>@?>;@CCBABBB<B?BBBBBAA<AAA@AAAACBBBBB?BBDBBA9?88999(:>>AA?CCBAA@CCD>>@;@B:=<====2=9===5=:AB?
80	1UX0E:03275:06534	211	GCAGAGGGAGCCTGAACAAGTGAGGCTCTGGGTTCCCCGTTCCTAATTAAACCAATGGAAAGAAGGGGTCTAATAACAAACTACAGCAACACATTTTTCATTTCAGCTTCACTGCTGTATCTCCCAGTCTAACCCTAGCATCCAGAAGTGGCACAAAACCCCTCTGCTGGCTCGTGTGTGCAACTGAGACTGTCAGAGCATGGCTAGCTCA	57.3%	>BCCBBB>BCC@>??=??;@ABAB@CBA@ED=B49994:A@E@DD@C@EE=CADDCC@CC>BB?BCC;BBBB>BCACCC=BBBB@@AB;???78989):AAC>BBBBB?BBBAAAC??>BBBBC>BBAA@@<@@9==>=?AC;AAA7?>D=@>><<</===2=>??>9838C>?=>>@=>>@<@@@@@@BA>><>>@?>A=><>@@@AAAA
81	1UX0E:00275:01776	218	ACTTCTAGGGCAGAGGGAGCCTGAACAAGTGAGGCTCTGGGTTCCCCATTCCTAATTAAACCAATGGAAAGAAGGGGTCTAATAACAAACTACAGCAACACATTTTTCATTTCAGCTTCACTGCTGTGTCTCCCAGTGTAACCCTAGCATCCAGAAGTGGCACAAAACCCCTCTGCTGGCTCGTGTGTGCAACTGAGACTGTCAGAGCATGGCTAGCT	44.5%	?982;@AAA=BCCBBC>CDJ@CBB?BB?@BBCC?CCBCBD=A<@@@8?C@F>BB@C=??8?;>;>B<@@<@A@CCC6:99<8993:@A;@B@@@@9829AA?@AA@/@977-:??A;6;99>A=>>>>>@??@:>>>AAA566.////6665<::,//94;???DC1;;;/;>>AABC?BBBB>>>A@AAA<??ABB887A>>>@===>>@=@@@@<<
82	1UX0E:01030:01189	218	CTTCTCACTTCTAGGGCAGAGGGAGCCTGAACAAGTGAGGCTCTGGGTTCCCCGTTCCTAATTAAACCAATGGAAAGAAGGGGTCTAATAACAAACTACAGCAACACATTTTTCATTTCAGCTTCACTGCTGTATCTCCCAGTGTAACCCTAGCATCCAGAAGTGGCACAAAACCCCTCTGCTGGCTCGTGTGTGCAACTGAGACTGTCAGAGCATGG	62.8%	BB>AB@A@B?A@A@@:ABAAAD:?@?9??A?BC=??CBB<A@@AAA:A;@@A9@@@F?@@@E?DE>D?C>BC@CF>CC@CCB9B@AA<@?<@@@:ABC@AABC@AAABBBBB1A<<<3;==>@=BBBBBBBBBBAA???8?B;;;A9>>7;;<<<>?<>>A=AAB<@>:99:)889)9>>BB@@??CAA?@?@AAAB?BBAAACCBBBBBBBBCBBB?
83	1UX0E:02889:03267	221	AATAGTTTCCATTTCAAATATCTTGTTCTACTTGGTTCATAAAATAGTGGTTTTCAAACTGTAGAGCTCTGGACTTCTCACTTCTAGGGCAGAGGGAGCCTGAACAAGTGAGGCTCTGGGTTCCCCGTTCCTAATTAAACCAATGGAAAGAAGGGGTCTAATAACAAACTACAGCAACACATTTTTCATTTCAGCTTCACTGCTGTATCTCCCAGTGTAAC	72.9%	B@D@?@E=A=ABC<A@E>BBABB@CC@BBBBB@B@C?BB????6?@@@B?BCB9CGG=BACCBBBCCBBBB@BBB?BCCCCC?ABAAA<BBBDCC>CCC@BBC?BB?BBBBB@BBB?>>5=9===4>A@D@CC?B?BB;A<@?BC@CC=BC@DDD;BBBB>AA?BBE>CAABBBA@<=>>78888(9@AA>CCCCC@BBBBBBBBBBA>>>?9@A@@@A;A
84	1UX0E:02633:03196	221	GATACAGCAGTGAAGCTGAAATGAAAAATGTGTTGCTGTAGTTTGTTATTAGACCCCTTCTTTCCATTGGTTTAATTAGGAACGGGGAACCCAGAGCCTCACTTGTTCAGGCTCCCTCTGCCCTAGAAGTGAGAAGTCCAGAGCTCTACAGTTTGAAAACCACTATTTTATGAACCAAGTAGAACAAGATATTTGAAATGGGAACTATTCAAAAAATTGAG	70.1%	>>>>>?@@?@@BC>ABCCCC>ABBEBB2BBBCC@CCCBBBAAC=BC?BB>B@@@CC9C=??F<B=BA?A>BB=B@C?AA?C?CCCC9B>BC>ECCCC@CBBBC@CC@CCD?CBBB<AA@@AA<AAAB=@?@??A@BBB?BBBBBCBBBAAA@@==@DE;D6;:AAAFD;CAAA?B@B>AABBC?CC>ABCBBB>BBB=BCC=B?BC?>:865656$648::
85	1UX0E:05068:04377	221	TGCTGTAGTTTGTTATTAGACCCCTTCTTTCCATTGGTTTAATTAGGAATGGGGAACCCAGAGCCTCACTTGTTCAGGCTCCCTCTGCCCTAGAAGTGAGAAGTCCAGAGCTCTACAGTTTGAAAACCACTATTTTATGAACCAAGTAGAACAAGATATTTGAAATGGAAACTATTCAAAAAATTGAGAATTTCTGACCACTTAACAAACCCACAGAAAAT	35.7%	;=<455:::<39;=9:79CBBCC<C@ECF=B=ABAG:B>7B?A;@<00//:::&0)/7.7:>9B@BABDG@DC@B;;5:9:9,99=>>C=AAAA@BBBCBB?CBA=BC@;;;;AABBBDD>@@@@7?>@@??BDB6:97>8=<C>A@BAA=AD<>?@999,99B9@<:=C7B=@>::;;;;;%9.94=?.;4.4:;89.449385444(3;198;/000+/
86	1UX0E:01876:03761	98	CTCACTTCTAGGGCAGAGGGAGCCTGAACAAGTGAGGCTCTGGGTTCCCCGTTCCTAATTAAACCAATGGAAAGAAGGGGTCTAATAACAAACTAACA	35.7%	399:>A>C>:996;ACBBB=BBB@@B?=@A?@?@BB?A?>>=>8?<ACC:BB?B?BB<@>AC<B@B??@8==7<=9>?>2>>8818515//(///)/;
87	1UX0E:02744:02898	211	TCTGTGGGTTTGTTAAGTGGTCAGAAATTCTCAATTTTTTGAATAGTTTCCATTTCAAATATCTTGTTCTACTTGGTTCATAAAATAGTGGTTTTCAAACTGTAGAGCTCTGGACTTCTCACTTCTAGGGCAGAGGGAGCCTGAACAAGTGAGGCTCTGGGTTCCCCATTCCTAATTAAACCAATGGAAAGAAGGGGTCTAATAACAAACT	64.5%	AABABBC?CC<BB@B?BBC?@@>88838==?BB4:;:;:%:@>A@B@@:@=@@A<ACC<CBDCC9::AEB@AA9>:>==>??AA8AAAAB=A@A0A??8ABECCCCBCBCBB?A?@?A?@@@?9?A@@B=BBBCCF@@A?<@A@?BB?BBBBB>AAA@BB9>4:::-:B=A=BB?A>AB=@>@@FL@CC>CDBDDD8BBCC@CC?@AD<AB
88	1UX0E:02212:02121	219	AGGCGCCAGGCAGGACGACAGCAGCAGCAGCGCGTCTCCTTCCAGGTGGGAGCAGCTCTTTGAGGCCACCTGATTTCTGGTGTGCTCAGTGCACTCGGGTGGATTTTCTGTGGGTTTATTAAGTGGTCAGAAATTCTCAATTTTTTGAATAGTTCCCATTTCAAATATCTTGTTCTACTTGGTTCATAAAATAGTGGTTTTCAAACTGTAGAGCTCTGG	29.7%	>=9?@?<@C@BBB?BBCCCCCCBBBCCBBABB?;00:;+0+0)/50579(-/0//588:;28===@00/6799:<2?@>;>8666@>=>@@@>=<777-8C:>>BB6>;:8AB:AD9>>:=<@AA:>>@A@@9@69>>>/88888%5938;7<8=>4:::1;==5=@>=><@@=ABAAA:<:>=D<99::1:>>>A;>>>5>BF;B@@@@=>>@B>>>;
89	1UX0E:04859:02202	221	ACTCCCACCCTCAACCGCGGCCCCTGTAGGCCAAGGCGCCAGGCAGGACGACAGCAGCAGCAGCGCGTCTCCTTCAGGTGGGAGCAGCTCTTTGAGGCCACCTGATTTCTGGTGTGCTCAGTGCACTCGGGTGGATTTTCTGTGGGTTTATTAAGTGGTCAGAAATTCTCAATTTTTTGAATAGTTTCCATTTCAAATATCTTGTTCTACTTGGTTCATAA	69.7%	???@@8>>>5?BB@C>@AD?CCC9C@@@@=?<?<??@@@<?A?BBB@BC@@@CBCDCBBBCCCCDC@@?@?497:AA=BBC>BCAC@@@@??<@@@?B>AA?BBBCC>BBB=ABBBBBCECCCBBAB@@@:@A?BCCC:CCECCD>CC>CC@D@CBB?BCCCCC=@>@A?>188888%8@:??BBC>C?CCB>BCC>BBBBB@BB?BBBBC@C=@>?BBBB
90	1UX0E:02543:05537	231	TTGAGGGTGGGAGTGGGGGTGCACTGGCCAGCACCTCAGGAGCTGGGGGTGGTGGTGGGGGCGGTGGGGGTGGTGTTAGTACCCCATCTTGTAGGTCTGAAACACAAAGTGTGGGGTGTCTAGGGAAGAAGGTGTGTGACCAGGGAGGTCCCCGGCCCAGCTCCCATCCCAGAATCCAGCTCACCTACCTTGAGAGGCTCGGCTACCTCAGTGTGGAAGGTGGGCAGTTCT	34.2%	?;>7::-;@?9?A;;;;;*;CCCCCB;@@BBA@;466>B=>??44444$495;@=@AAAB3AC>@@@@@.>?=ABC;?=@9:9:+38886;:;=68=9@AB>BBCDF>C??7999*38896?>>:<;A>8?;?>8:A??>9>>>47716666,8;CD:@@@@@@:@BCB::::<AA=B>>BBBA?BAA>A?BCC?>8>>8939ABD?CBBB???>;?:>====8>@@A=>=
91	1UX0E:01313:02530	224	CGGTGGGGGTGGTGTTAGTACCCCATCTTGTAGGTCTGAAACACAAAGTGTGGGGTGTCTAGGGAAGAAGGTGTGTGACCAGGGAGGTCCCCGGCCCAGCTCCCATCCCAGAACCCAGCTCACCTACCTTGAGAGGCTCGGCTACCTCAGTGTGGAAGGTGGGCAGTTCTGGAATGGTGCCAGGGGCAGAGGGGGCAATGCCGGGGCCCAGGTCGGCAATGTAC	60.7%	?C?A@CCD3AB<AAG?A>?9999*;D@C?CAAA?BBAAAB=B@99979CCCCCC9CBBBAA?A<B>BB@D>A@@BBBBB>BBB8?>;8888(9178)88;CBD>CCCC>BAD;AA<@B@?@BC?CDE@B?CBBCC@A?@B?@@A@=B@AACCCC@B@B@CCC>BBAA>?@?>A?BB@AAA@BBAA6A@@=????.?A<A:93:9:+9?8??=A9808>>AABBD
92	1UX0E:03379:01632	226	GTGTGTGACCAGGGAGGTCCCCGGCCCAGCTCCCATCCCAGAACCCAGCTCACCTACCTTGAGAGGCTCGGCTACCTCAGTGTGGAAGGTGGGCAGTTCTGGAATGGTGCCAGGGGCAGAGGGGGCAATGCCGGGGCCCAGGTCGGCAATGTACATGAGGTCGTTGGCAATGCCGGGCAGGTCAGGCAGGTAGGATGGAACATCAATCTCAGGCACCTGGCCCAGG	59.7%	>B@@ABABA>ABB<>=:9999*949:,:@@>AA;@@AA>ACC@CA7CGBBB@@?BBB@B@CBBBB>@@@D@DCBB?ABBBBA@A?B?B>BBB>BBBB@BBB>B>??;@>:7;EKH6==@@>AAA.==9@@A<AAA5@@:@A;@6637?<AA?ACB>>?A>BBBB?D?BB>AAB?AA<ABB?BBBB?BBB?B>B=A>>;>=B@BBC=??BBBC?A?<39929;37;6
93	1UX0E:02442:01763	226	GTGTGTGACCAGGGAGGTCCCCGGCCCAGCTCCCATCCCAGAACCCAGCTCACCTACCTTGAGAGGCTCGGCTACCTCAGTGTGGAAGGTGGGCAGTTCTGGAATGGTGCCAGGGGCAGAGGGGGCAATGCCGGGGCCCAGGTCGGCAATGTACATGAGGTCGTTGGCAATGCCGGGCAGGTCAGGCAGGTAGGATGGAACATCAATCTCAGGCACCTGGCCCAGG	53.1%	>A@BBB@A@>BAB9>?:9999*;.;;0;;;;;;0;A?A5ABB?B=6B>ABBBC?@AD>A>ABABB@>?@C@@A@B?BABBB?A@=?;?;?>?8?@@B@B@B?B>AA>>@><@BDD5A@=>>AAA/AA:>>B<@@@5??9?A:?==:==;?:;;ABBABB?BBBB>B@BB@BBB?BC;CBB>BBBB?BB@;???<@?@<?<@@CBB?BBBBBB?BBA:??4:9*7?8
94	1UX0E:03519:05226	210	AATCTTGCAGGTCCCAGAGAACTACTTCTATGTGCCAGACCTGGGCCAGGTGCCTGAGATTGATGTTCCATCCTACCTGCCTGACCTGCCCGGCATTGCCAACGACCTCATGTACATTGCCGACCTGGGCCCCGGCATTGCCCCCTCTGCCCCTGGCACCATTCCAGAACTGCCCACCTTCCACACTGAGGTAGCCGAGCCTCTCAAGGT	78.6%	B?BBB?AABB@BBD>CAAAB?BDD@@>@ABBAAAD=AACC@CCF>E?AA?BBB?B@AACDABBBCC>@=B@@<ADE?BCB@BCCC@BCCC<@>@BA<AA9>:>9::4::@BCCCCCDACCACCDACCC>BLG;D=@@F@BCCCC5CCCCBBB8BB>BBC@CC@B?BEE@CCA@@;@B?C@C?AABB;;;C@CC;;7;B@A>BCDCDADAE
95	1UX0E:03714:02879	220	CGGCTACCTCAGTGTGGAAGGTGGGCAGTTCTGGAATGGTGCCAGGGGCAGAGGGGGCAATGCCGGGGCCCAGGTCGGCAATGTACATTAGGTCGTTGGCAATGCCGGGCAGGTCAGGCAGGTAGGATGGAACATCAATCTCAGGCACCTGGCCCAGGTCTGGCACATAGAAGTAGTTCTCTGGGACCTGCAAGATTAGGCAGGGACATGTGAGAGGTGA	79.5%	@A8:9@C?BBBCC@@@=@<@@AA@;BCBCACCE:;8;A?BCB@DCCC;CAABCCDG3AB?AAE@EDE;BB<@@?CBB@BA>A<;;@AB@EK?BCCC@C@BB?@AD@CD>A;<7;;;;@@A@@CCC@AAA?B?AB????BBABFE@BBB?AA=AB=DC?BBBC@BBCBBBDFAACBCC@BBBCDG>@A?BICI@DCB@BC@CCCC=AAABBBBB@@@@@@A
96	1UX0E:02023:04238	220	CAATGTACATGAGGTCATTGGCAATGCCGGACAGGTCAGGCAGGTAGGATGGAACATCAATCTCAGGCACCTGGCCCAGGTCTGGCACATAGAAGTAGTTCTCTGGGACCTGCAAGATTAGGCAGGGACATGTGAGAGGTGACAGGGACCTGCAGGGGCAGCCAACAAGACCTTGTGTGCACCTCCCATGGGTGGAATAAGGGGCCCAACAGCCTTGACT	78.6%	BB<@@BA@?BB@A>ACCC?C?BB?DCC@C>BBCC@CBCB?BBB?CBB?BBC=?=?CCBC=AABBCC@BBB@BC@CC>BC@CCDEA??@BBCCCADCCDD?D@@@DD>BC=@@CC?CBB@AA=@?@@:A@BBBCCCCBB>ACCCBBB=AA>BCCCDFE8CCCC>@>AC@CCC@B?BBBBBBAA=@@@;@AAB<;:59;>?9@@@5@A9B?BCDC@C?CBGC
97	1UX0E:00981:05510	227	CTCTGTAGGTAGAAGAAGTATGTCTTCCTGGACCCCCTGGCTGGTGCTGTAACAAAGACCCATGTGATGCTGGGGGCAGAGACAGAGGAGAAGCTGTTTGATGCCCCCTTGTCCATCAGCAAGAGAGAGCAGCTGGAACAGCAGGTGGGAGGGGTGGGACAGAGGTGGAGACAGGTGCAGTGGCCCAGGGCCTTGCCAGAGCTCCTCTCCAGTCAAGGCTGTTGGGC	79.7%	AA@@A@@@?CBBB@BC@CCAAACCC@C@BA=;;;;;*;B@BBB@CCCBAA@@CBB<BBBB>BCCCDCCCBBABBB2ADBCBBBBBBB?BBB@CCCCCC;@@?99999(;6A<>@BCBCCBB@AAACCBBCCCBBB;;;;DCCDD@BA@9;;;;.;AC=DBCBCB@BB>BCDDBB?BBCCCCD@CD=CCD>F@D?BB@CBBBBBC@CAAB?BBBCC?C?CCBC@CG>B
98	1UX0E:04997:01118	205	GAAGAAGTATGTCTTCCTGGACCCCCTGGCTGGTGCTGTAACAAAGACCCATGTGATGCTGGGGGCAGAGACAGAGGAGAAGCTGTTTGATGCCCCCTTGTCCATCAGCAAGAGAGAGCAGCTGGAACAGCAGGTGGGAGGGTGGGACAGAGGTGGAGACAGGTGCAGTGGCCCAGGGCCTTGCCAGAGCTCCTCTCCAGTCAAG	65.4%	>B>AA?A?@@BBAB@C?BB======.=@>BBA????ABBB?AAA<AA@C>BBBCCB@@@99999.;CCBBABBBCC>@@@>@@BCED=@>=99:9:';7A@>?ABBAA@C@CCCCCCBAAAA@@?B?BBBBBA>BB>6977*9?@9@BBBAB>AC@BBAAAA>BACCAAB?BC<CBB=B?B?BB>AABABBC?87993:ABBB?B
99	1UX0E:01471:05130	227	CAAACAGCTTCTCCTCTGTCTCTGCCCCCAGCATCACATGGGTCTTTGTTACAGCACCAGCCAGGGGGGTCCAGGAAGACATACTTCTTGTACCTACAGGGGCGACATGGGGGTCAGGCAAGCTGACACCCACTGTCCTGAGCCCATGTTCCTCTCCCACATCATCAGGGGCACAGTGTGCACTGTGGGGTCCCAGGCCTTCCCGAGCCGAGCCACCCGTCACCCCC	37.4%	=BB<?AAAB?A@@;@AB@@@?==:::::);??ABBBB@>@@;@AAB;AA?AACBBBB?@@@8999999#4=:??:E????D@?AB>?;=:97?<ABBBBAA5A333>:9:::)448:6:<7:99=?>?@C<B?AA9;9;CBBBC>ABBC?B?BBBBE?CBCCBBAACAAA5000>?@:555:887////&///(/949(/(/6.66663:8886855,72222222$
100	1UX0E:04213:02116	225	CAAACAGCTTCTCCTCTGTCTCTGCCCCCAGCATCACATGGGTCTTTGTTACAGCACCAGCCAGGGGGTCCAGGAAGACATACTTCTTGTACCTACAGGGGCGACATGGGGGTCAGGCAAGCTGACACCCACTGTCCTGAGCCCATGTTCCTCTCCCACATCATCAGGGGCACAGTGTGCACTGTGGGGTCCCAGGCCTCCCGAGCCGAGCCACCCGTCACCCCC	72.4%	?CC>CBCBC@CBC@CBBAB?@==99999'9@A@@BCBBCBF=DDCC>CC?BBCCCCC?BB@;99:::);B?BB@C=AABBBBBB>@A>??>A;>>BBBBB:BAAA@BBBBB1BBBB?BB@C?@?BBBBC>BBBBBB@CB@@@E>ABDD?B?BBBBB=CCBCCCCA@@@@8@ABBCBBBBBBAAA@@@@4@CC=BB?B@BCB=BAAA?BBBB@B??9==>::;:;+
